product_id,product_name,category,units_sold,sales,returns,profit,date,profit_margin,return_rate
P0001,Running Shoes,Clothing,800,41210.61,42,10518.14,2024-01-01 00:00:00.000000000,0.25522893254916634,0.0525
P0002,Tennis Racket,Sports,637,22249.64,74,2479.4,2024-01-01 08:42:19.478957915,0.11143551086669268,0.11616954474097331
P0003,Pen,Books,58,5764.08,2,1832.31,2024-01-01 17:24:38.957915831,0.31788420702002745,0.034482758620689655
P0004,Microwave,Electronics,123,7075.2,2,2429.43,2024-01-02 02:06:58.436873747,0.34337262550881953,0.016260162601626018
P0005,Wrist Watch,Accessories,541,51698.48,27,17692.23,2024-01-02 10:49:17.915831663,0.3422195391431237,0.04990757855822551
P0006,Running Shoes,Clothing,962,38544.6,278,11078.22,2024-01-02 19:31:37.394789579,0.2874130228358836,0.288981288981289
P0007,Perfume,Beauty,302,24929.56,51,3303.7,2024-01-03 04:13:56.873747495,0.13252139227487367,0.16887417218543047
P0008,Microwave,Electronics,279,24897.02,81,7209.33,2024-01-03 12:56:16.352705410,0.28956598018558044,0.2903225806451613
P0009,Microwave,Electronics,568,15186.65,77,1612.01,2024-01-03 21:38:35.831663326,0.10614651684209486,0.13556338028169015
P0010,Washing Machine,Electronics,223,14218.16,22,1500.46,2024-01-04 06:20:55.310621242,0.10553123610931373,0.09865470852017937
P0011,Wrist Watch,Accessories,702,26306.68,110,4758.95,2024-01-04 15:03:14.789579158,0.18090272128600035,0.15669515669515668
P0012,Headphones,Electronics,217,6127.81,30,1361.36,2024-01-04 23:45:34.268537074,0.22216093514648785,0.1382488479262673
P0013,Laptop,Electronics,219,32564.17,9,9528.34,2024-01-05 08:27:53.747494990,0.29260196098963986,0.0410958904109589
P0014,Juicer,Home & Kitchen,442,27362.45,87,7410.4,2024-01-05 17:10:13.226452905,0.2708237018249462,0.19683257918552036
P0015,T-Shirt,Clothing,995,124657.26,72,26361.98,2024-01-06 01:52:32.705410821,0.2114756894223409,0.07236180904522613
P0016,Laptop,Electronics,844,44819.17,160,7547.85,2024-01-06 10:34:52.184368737,0.1684067331010369,0.1895734597156398
P0017,Smartphone,Electronics,683,74170.63,136,25906.4,2024-01-06 19:17:11.663326653,0.3492811103262841,0.19912152269399708
P0018,Juicer,Home & Kitchen,243,28875.6,13,5964.12,2024-01-07 03:59:31.142284569,0.20654531853883557,0.053497942386831275
P0019,Juicer,Home & Kitchen,566,55147.1,16,11737.88,2024-01-07 12:41:50.621242485,0.21284673174110696,0.028268551236749116
P0020,Face Cream,Beauty,78,6341.78,18,893.59,2024-01-07 21:24:10.100200400,0.14090523480789308,0.23076923076923078
P0021,Book,Books,214,15737.41,31,4700.8,2024-01-08 06:06:29.579158316,0.29870226422263896,0.14485981308411214
P0022,Notebook,Books,471,30781.2,13,8416.21,2024-01-08 14:48:49.058116232,0.27342046443933304,0.027600849256900213
P0023,Pen,Books,388,54645.45,116,8480.56,2024-01-08 23:31:08.537074148,0.15519242681687132,0.29896907216494845
P0024,Pen,Books,697,89202.42,19,10757.39,2024-01-09 08:13:28.016032064,0.12059527084579096,0.027259684361549498
P0025,Perfume,Beauty,545,79272.16,115,21413.38,2024-01-09 16:55:47.494989980,0.2701248458475207,0.21100917431192662
P0026,Juicer,Home & Kitchen,414,14969.68,122,3946.42,2024-01-10 01:38:06.973947895,0.26362754581260256,0.2946859903381642
P0027,Tennis Racket,Sports,882,101441.26,70,17074.07,2024-01-10 10:20:26.452905811,0.16831484545834705,0.07936507936507936
P0028,Headphones,Electronics,391,55515.85,20,18748.58,2024-01-10 19:02:45.931863727,0.337715805486181,0.05115089514066496
P0029,Refrigerator,Electronics,549,23914.6,25,3294.58,2024-01-11 03:45:05.410821643,0.13776437824592508,0.04553734061930783
P0030,Perfume,Beauty,706,20223.03,69,4208.08,2024-01-11 12:27:24.889779559,0.20808355622278166,0.09773371104815864
P0031,Running Shoes,Clothing,560,65153.58,22,21885.35,2024-01-11 21:09:44.368737475,0.3359040286044143,0.039285714285714285
P0032,Backpack,Accessories,376,35600.25,79,7295.62,2024-01-12 05:52:03.847695390,0.20493170694026025,0.21010638297872342
P0033,Running Shoes,Clothing,266,34430.44,7,8939.23,2024-01-12 14:34:23.326653306,0.2596315934388291,0.02631578947368421
P0034,Shampoo,Beauty,350,13359.64,55,2663.89,2024-01-12 23:16:42.805611222,0.19939833708093932,0.15714285714285714
P0035,Washing Machine,Electronics,181,22332.64,54,3764.25,2024-01-13 07:59:02.284569138,0.16855374017581443,0.2983425414364641
P0036,Dining Table,Home & Kitchen,853,39418.45,210,13638.56,2024-01-13 16:41:21.763527054,0.3459943249924845,0.246189917936694
P0037,Shampoo,Beauty,119,4911.76,22,993.81,2024-01-14 01:23:41.242484970,0.20233276870205383,0.18487394957983194
P0038,Backpack,Accessories,301,12447.72,30,4027.15,2024-01-14 10:06:00.721442885,0.32352511142602824,0.09966777408637874
P0039,Laptop,Electronics,464,58415.15,89,9199.72,2024-01-14 18:48:20.200400801,0.15748859670821694,0.19181034482758622
P0040,Tennis Racket,Sports,836,89013.63,136,13643.67,2024-01-15 03:30:39.679358717,0.15327618927573225,0.16267942583732056
P0041,Pen,Books,494,43471.26,66,4685.49,2024-01-15 12:12:59.158316633,0.10778362531934892,0.13360323886639677
P0042,Running Shoes,Clothing,925,61649.37,44,16208.65,2024-01-15 20:55:18.637274549,0.2629167175593197,0.04756756756756757
P0043,Juicer,Home & Kitchen,231,30962.33,62,5948.84,2024-01-16 05:37:38.116232465,0.19213153532050076,0.2683982683982684
P0044,Wrist Watch,Accessories,216,15339.86,30,4848.77,2024-01-16 14:19:57.595190380,0.31608958621525884,0.1388888888888889
P0045,Pen,Books,140,17662.11,9,3855.68,2024-01-16 23:02:17.074148296,0.2183023432647628,0.06428571428571428
P0046,Headphones,Electronics,763,58817.79,89,20118.53,2024-01-17 07:44:36.553106212,0.34204838366079376,0.11664482306684142
P0047,Dining Table,Home & Kitchen,907,62585.52,118,9161.35,2024-01-17 16:26:56.032064128,0.14638130353474735,0.13009922822491732
P0048,Face Cream,Beauty,580,46486.06,145,14743.32,2024-01-18 01:09:15.511022044,0.3171557236728602,0.25
P0049,Washing Machine,Electronics,88,5207.76,20,1531.86,2024-01-18 09:51:34.989979960,0.29414949997695744,0.22727272727272727
P0050,Shampoo,Beauty,175,20508.11,41,6003.35,2024-01-18 18:33:54.468937875,0.29273053440809516,0.2342857142857143
P0051,Wrist Watch,Accessories,500,42676.83,7,13280.85,2024-01-19 03:16:13.947895791,0.311195794064367,0.014
P0052,Washing Machine,Electronics,222,11141.66,29,3233.93,2024-01-19 11:58:33.426853707,0.29025567105799316,0.13063063063063063
P0053,Laptop,Electronics,702,96135.18,105,24663.97,2024-01-19 20:40:52.905811623,0.2565550925270021,0.14957264957264957
P0054,T-Shirt,Clothing,803,56134.4,12,7455.28,2024-01-20 05:23:12.384769539,0.13281125299281724,0.014943960149439602
P0055,Book,Books,269,24388.04,23,2637.12,2024-01-20 14:05:31.863727455,0.10813169077957883,0.08550185873605948
P0056,Washing Machine,Electronics,687,94697.02,158,31270.09,2024-01-20 22:47:51.342685370,0.33021197499139887,0.22998544395924309
P0057,Shampoo,Beauty,107,10823.15,5,2750.84,2024-01-21 07:30:10.821643286,0.2541626051565395,0.04672897196261682
P0058,Juicer,Home & Kitchen,709,24954.49,117,7464.74,2024-01-21 16:12:30.300601202,0.29913414379536507,0.16502115655853314
P0059,Laptop,Electronics,525,74643.54,38,16449.99,2024-01-22 00:54:49.779559118,0.2203806250346648,0.07238095238095238
P0060,Book,Books,505,51309.03,7,6635.65,2024-01-22 09:37:09.258517034,0.1293271379326407,0.013861386138613862
P0061,Washing Machine,Electronics,878,55786.13,70,7324.52,2024-01-22 18:19:28.737474950,0.13129643515332576,0.07972665148063782
P0062,Dining Table,Home & Kitchen,944,35971.47,277,9762.34,2024-01-23 03:01:48.216432865,0.27139118862809886,0.2934322033898305
P0063,Notebook,Books,410,50521.54,99,10487.08,2024-01-23 11:44:07.695390781,0.20757641196210566,0.24146341463414633
P0064,Pen,Books,984,98999.71,284,14862.94,2024-01-23 20:26:27.174348697,0.15013114684881398,0.2886178861788618
P0065,Wrist Watch,Accessories,50,4467.5,8,995.8,2024-01-24 05:08:46.653306613,0.22289871292669278,0.16
P0066,Dining Table,Home & Kitchen,436,59385.83,18,6891.86,2024-01-24 13:51:06.132264529,0.11605226364605832,0.04128440366972477
P0067,Wrist Watch,Accessories,397,48639.5,67,11940.65,2024-01-24 22:33:25.611222445,0.24549286074075596,0.16876574307304787
P0068,Notebook,Books,239,9492.54,34,1587.61,2024-01-25 07:15:45.090180360,0.16724817593605082,0.14225941422594143
P0069,Sofa,Home & Kitchen,554,33530.22,141,10038.61,2024-01-25 15:58:04.569138276,0.29938992347798493,0.2545126353790614
P0070,Shampoo,Beauty,240,12552.86,9,2229.27,2024-01-26 00:40:24.048096192,0.17759060485020942,0.0375
P0071,Pen,Books,557,65009.15,84,13899.28,2024-01-26 09:22:43.527054108,0.2138049797605414,0.15080789946140036
P0072,Sofa,Home & Kitchen,418,10182.15,22,1047.8,2024-01-26 18:05:03.006012024,0.10290557495224487,0.05263157894736842
P0073,Backpack,Accessories,458,43091.23,48,5089.58,2024-01-27 02:47:22.484969940,0.11811173642525404,0.10480349344978165
P0074,Pen,Books,873,103991.44,195,20603.14,2024-01-27 11:29:41.963927855,0.19812342246631068,0.22336769759450173
P0075,Sofa,Home & Kitchen,978,131031.98,145,28825.03,2024-01-27 20:12:01.442885771,0.219984693812915,0.14826175869120656
P0076,Smartphone,Electronics,983,63374.63,117,15843.98,2024-01-28 04:54:20.921843687,0.25000508878710614,0.1190233977619532
P0077,Running Shoes,Clothing,166,21042.73,21,3638.62,2024-01-28 13:36:40.400801603,0.17291577661263532,0.12650602409638553
P0078,Backpack,Accessories,183,6291.93,26,1722.39,2024-01-28 22:18:59.879759519,0.2737458935493561,0.14207650273224043
P0079,Smartphone,Electronics,107,13914.15,25,4383.38,2024-01-29 07:01:19.358717435,0.3150303827398727,0.2336448598130841
P0080,Juicer,Home & Kitchen,605,22126.98,163,6526.63,2024-01-29 15:43:38.837675350,0.2949625299069281,0.2694214876033058
P0081,Wrist Watch,Accessories,734,52589.15,211,5779.8,2024-01-30 00:25:58.316633266,0.10990479975432195,0.28746594005449594
P0082,Microwave,Electronics,721,89150.49,172,19624.41,2024-01-30 09:08:17.795591182,0.22012677664474978,0.23855755894590847
P0083,Perfume,Beauty,222,8766.62,23,1106.63,2024-01-30 17:50:37.274549098,0.12623223089400476,0.1036036036036036
P0084,Face Cream,Beauty,878,43726.75,184,7018.64,2024-01-31 02:32:56.753507014,0.16051135746425244,0.20956719817767655
P0085,Wrist Watch,Accessories,864,98403.41,118,34113.08,2024-01-31 11:15:16.232464930,0.3466656287622553,0.13657407407407407
P0086,Headphones,Electronics,198,22493.74,17,3050.69,2024-01-31 19:57:35.711422845,0.1356239558205972,0.08585858585858586
P0087,Headphones,Electronics,129,13332.05,33,2996.01,2024-02-01 04:39:55.190380761,0.2247223795290297,0.2558139534883721
P0088,Smartphone,Electronics,935,103049.43,20,26230.09,2024-02-01 13:22:14.669338677,0.2545389139949634,0.0213903743315508
P0089,Refrigerator,Electronics,262,23725.19,71,6539.05,2024-02-01 22:04:34.148296593,0.27561633858358986,0.27099236641221375
P0090,Book,Books,252,13288.94,36,3188.18,2024-02-02 06:46:53.627254509,0.23991228796277203,0.14285714285714285
P0091,Running Shoes,Clothing,813,52796.61,158,5408.63,2024-02-02 15:29:13.106212425,0.10244275153272152,0.1943419434194342
P0092,Backpack,Accessories,278,12122.94,56,2201.71,2024-02-03 00:11:32.585170340,0.18161518575527058,0.2014388489208633
P0093,Running Shoes,Clothing,725,100121.47,195,22970.66,2024-02-03 08:53:52.064128256,0.2294279139129699,0.2689655172413793
P0094,Backpack,Accessories,276,26452.1,54,3226.27,2024-02-03 17:36:11.543086172,0.12196649793400147,0.1956521739130435
P0095,Wrist Watch,Accessories,708,51054.36,133,9580.69,2024-02-04 02:18:31.022044088,0.1876566467584747,0.18785310734463276
P0096,Juicer,Home & Kitchen,581,46515.3,17,5037.64,2024-02-04 11:00:50.501002004,0.10830070965897243,0.029259896729776247
P0097,Laptop,Electronics,490,70141.95,79,8392.11,2024-02-04 19:43:09.979959920,0.1196446634289466,0.16122448979591836
P0098,Smartphone,Electronics,451,18010.99,24,3588.34,2024-02-05 04:25:29.458917835,0.1992305808842268,0.05321507760532151
P0099,Notebook,Books,96,9236.15,21,1230.06,2024-02-05 13:07:48.937875751,0.1331788678183009,0.21875
P0100,Refrigerator,Electronics,282,24185.88,45,5850.21,2024-02-05 21:50:08.416833667,0.2418853479798957,0.1595744680851064
P0101,Headphones,Electronics,354,35219.12,73,9592.5,2024-02-06 06:32:27.895791583,0.27236626014505755,0.2062146892655367
P0102,Juicer,Home & Kitchen,575,12853.74,13,3858.01,2024-02-06 15:14:47.374749499,0.300146883319563,0.022608695652173914
P0103,Wrist Watch,Accessories,192,25608.21,7,3842.19,2024-02-06 23:57:06.853707415,0.15003742940252365,0.036458333333333336
P0104,Headphones,Electronics,464,65505.37,101,9293.29,2024-02-07 08:39:26.332665330,0.14187065884827457,0.21767241379310345
P0105,Smartphone,Electronics,562,52528.63,17,6626.06,2024-02-07 17:21:45.811623246,0.1261418772962478,0.030249110320284697
P0106,Headphones,Electronics,422,46658.26,13,12089.51,2024-02-08 02:04:05.290581162,0.25910760495569274,0.030805687203791468
P0107,Refrigerator,Electronics,615,86053.83,8,23804.12,2024-02-08 10:46:24.769539078,0.2766189488602657,0.013008130081300813
P0108,Pen,Books,935,104664.86,269,11292.98,2024-02-08 19:28:44.248496994,0.10789657579439746,0.2877005347593583
P0109,Dining Table,Home & Kitchen,308,12267.66,69,4098.05,2024-02-09 04:11:03.727454910,0.3340531120034302,0.22402597402597402
P0110,Headphones,Electronics,705,66916.83,79,7561.12,2024-02-09 12:53:23.206412825,0.11299280016701328,0.11205673758865248
P0111,Smartphone,Electronics,520,51413.94,50,12098.94,2024-02-09 21:35:42.685370741,0.23532411637777614,0.09615384615384616
P0112,Refrigerator,Electronics,61,4583.36,7,1270.81,2024-02-10 06:18:02.164328657,0.2772660231795015,0.11475409836065574
P0113,Dining Table,Home & Kitchen,379,43864.61,89,13937.64,2024-02-10 15:00:21.643286573,0.3177422528092692,0.23482849604221637
P0114,Running Shoes,Clothing,785,111052.15,158,30930.44,2024-02-10 23:42:41.122244489,0.2785217575706549,0.20127388535031848
P0115,Backpack,Accessories,833,116889.81,53,35117.44,2024-02-11 08:25:00.601202405,0.30043200515083396,0.06362545018007203
P0116,Pen,Books,407,31993.91,25,5914.48,2024-02-11 17:07:20.080160320,0.18486268167910705,0.06142506142506143
P0117,Pen,Books,457,15867.47,18,4819.05,2024-02-12 01:49:39.559118236,0.30370626193085604,0.03938730853391685
P0118,Book,Books,717,106137.05,144,12739.49,2024-02-12 10:31:59.038076152,0.12002867990018565,0.200836820083682
P0119,Sofa,Home & Kitchen,422,54461.95,98,17629.56,2024-02-12 19:14:18.517034068,0.32370416409988995,0.23222748815165878
P0120,Perfume,Beauty,57,2063.75,5,488.9,2024-02-13 03:56:37.995991984,0.23689884918231374,0.08771929824561403
P0121,Running Shoes,Clothing,171,23890.32,3,7270.41,2024-02-13 12:38:57.474949900,0.30432451302452207,0.017543859649122806
P0122,Face Cream,Beauty,397,52835.35,13,11258.13,2024-02-13 21:21:16.953907815,0.2130795007509177,0.0327455919395466
P0123,Tennis Racket,Sports,725,63400.49,211,16540.83,2024-02-14 06:03:36.432865731,0.26089435586381116,0.2910344827586207
P0124,Washing Machine,Electronics,139,13464.35,13,3118.35,2024-02-14 14:45:55.911823647,0.23160048572712383,0.09352517985611511
P0125,Refrigerator,Electronics,697,50093.63,162,14171.36,2024-02-14 23:28:15.390781563,0.28289744624216695,0.23242467718794835
P0126,Running Shoes,Clothing,747,20257.9,143,2439.2,2024-02-15 08:10:34.869739479,0.12040734725711942,0.19143239625167335
P0127,Sofa,Home & Kitchen,365,23205.11,44,2670.63,2024-02-15 16:52:54.348697395,0.115088012941977,0.12054794520547946
P0128,Pen,Books,227,28232.21,16,4567.29,2024-02-16 01:35:13.827655310,0.16177585814217166,0.07048458149779736
P0129,Microwave,Electronics,589,12134.67,27,1697.47,2024-02-16 10:17:33.306613226,0.1398859631123055,0.04584040747028863
P0130,Washing Machine,Electronics,781,49480.17,147,15732.02,2024-02-16 18:59:52.785571142,0.31794595693587957,0.1882202304737516
P0131,Sofa,Home & Kitchen,918,65877.45,215,10198.06,2024-02-17 03:42:12.264529058,0.154803502564231,0.23420479302832245
P0132,Running Shoes,Clothing,90,8087.53,18,2781.84,2024-02-17 12:24:31.743486974,0.3439665757035832,0.2
P0133,Perfume,Beauty,789,110129.59,129,20288.51,2024-02-17 21:06:51.222444890,0.1842239674187473,0.1634980988593156
P0134,Laptop,Electronics,753,48963.81,17,7125.68,2024-02-18 05:49:10.701402805,0.1455295247653318,0.02257636122177955
P0135,Book,Books,972,63281.01,283,18821.33,2024-02-18 14:31:30.180360721,0.2974246144301426,0.2911522633744856
P0136,Sofa,Home & Kitchen,551,63847.21,133,16898.88,2024-02-18 23:13:49.659318637,0.2646768746825429,0.2413793103448276
P0137,T-Shirt,Clothing,194,15284.94,18,3432.22,2024-02-19 07:56:09.138276553,0.22454913136721502,0.09278350515463918
P0138,Juicer,Home & Kitchen,250,12299.66,74,2937.66,2024-02-19 16:38:28.617234469,0.2388407484434529,0.296
P0139,Juicer,Home & Kitchen,978,77083.16,180,21567.9,2024-02-20 01:20:48.096192385,0.2798004129566043,0.18404907975460122
P0140,Tennis Racket,Sports,773,29614.72,138,4652.88,2024-02-20 10:03:07.575150300,0.1571137596438528,0.17852522639068563
P0141,Microwave,Electronics,510,21894.46,116,7642.99,2024-02-20 18:45:27.054108216,0.3490832840819093,0.22745098039215686
P0142,Running Shoes,Clothing,781,66219.28,192,22759.45,2024-02-21 03:27:46.533066132,0.3436982401499986,0.24583866837387963
P0143,Smartphone,Electronics,801,59642.71,161,15661.07,2024-02-21 12:10:06.012024048,0.26258146217702044,0.2009987515605493
P0144,Smartphone,Electronics,974,135317.79,46,20282.19,2024-02-21 20:52:25.490981964,0.14988561370977163,0.04722792607802875
P0145,Tennis Racket,Sports,958,64292.54,104,17362.65,2024-02-22 05:34:44.969939880,0.27005699261531746,0.10855949895615867
P0146,Sofa,Home & Kitchen,607,57954.23,169,6841.47,2024-02-22 14:17:04.448897796,0.11804953667747807,0.2784184514003295
P0147,Backpack,Accessories,596,60907.84,45,6557.53,2024-02-22 22:59:23.927855711,0.10766315141039315,0.07550335570469799
P0148,Headphones,Electronics,302,6554.09,36,1077.63,2024-02-23 07:41:43.406813627,0.16442099513433597,0.11920529801324503
P0149,Running Shoes,Clothing,439,46648.08,59,10059.93,2024-02-23 16:24:02.885771543,0.21565582120421675,0.13439635535307518
P0150,T-Shirt,Clothing,643,27742.03,88,8796.11,2024-02-24 01:06:22.364729459,0.31706800115204264,0.1368584758942457
P0151,Wrist Watch,Accessories,932,135083.28,175,38065.42,2024-02-24 09:48:41.843687375,0.28179223957250665,0.18776824034334763
P0152,Backpack,Accessories,305,11994.48,86,3426.54,2024-02-24 18:31:01.322645291,0.2856764111491286,0.2819672131147541
P0153,Refrigerator,Electronics,758,56017.06,60,11560.43,2024-02-25 03:13:20.801603206,0.20637337982393222,0.079155672823219
P0154,Smartphone,Electronics,864,26866.47,39,5010.16,2024-02-25 11:55:40.280561122,0.18648374721353417,0.04513888888888889
P0155,Perfume,Beauty,970,145105.84,65,27970.56,2024-02-25 20:37:59.759519038,0.1927597124967541,0.06701030927835051
P0156,Book,Books,499,42557.39,133,14763.69,2024-02-26 05:20:19.238476954,0.34691248687948206,0.2665330661322645
P0157,Juicer,Home & Kitchen,59,5746.6,12,632.28,2024-02-26 14:02:38.717434870,0.11002679845473844,0.2033898305084746
P0158,Pen,Books,873,25072.51,81,7941.91,2024-02-26 22:44:58.196392786,0.31675767603642396,0.09278350515463918
P0159,Backpack,Accessories,847,99518.15,209,24348.99,2024-02-27 07:27:17.675350701,0.244668836790073,0.24675324675324675
P0160,Tennis Racket,Sports,291,13760.73,76,2884.99,2024-02-27 16:09:37.154308617,0.20965384830601283,0.2611683848797251
P0161,Face Cream,Beauty,300,41024.12,77,11540.68,2024-02-28 00:51:56.633266533,0.28131450473526304,0.25666666666666665
P0162,Face Cream,Beauty,926,43214.71,256,9579.29,2024-02-28 09:34:16.112224449,0.22166734429086765,0.27645788336933047
P0163,Tennis Racket,Sports,54,2418.63,4,769.98,2024-02-28 18:16:35.591182365,0.3183537787921261,0.07407407407407407
P0164,Juicer,Home & Kitchen,168,4158.24,38,1352.16,2024-02-29 02:58:55.070140281,0.32517603601523726,0.2261904761904762
P0165,Running Shoes,Clothing,850,69163.4,122,14208.25,2024-02-29 11:41:14.549098196,0.2054301841725537,0.14352941176470588
P0166,Laptop,Electronics,423,39520.61,108,6687.16,2024-02-29 20:23:34.028056112,0.1692069024238239,0.2553191489361702
P0167,Headphones,Electronics,114,3253.8,25,807.23,2024-03-01 05:05:53.507014028,0.2480883889605999,0.21929824561403508
P0168,Face Cream,Beauty,195,23559.63,46,7729.7,2024-03-01 13:48:12.985971944,0.3280908910708699,0.2358974358974359
P0169,Refrigerator,Electronics,273,21547.22,55,3289.52,2024-03-01 22:30:32.464929860,0.15266563389615923,0.20146520146520147
P0170,Face Cream,Beauty,288,25393.17,18,6494.09,2024-03-02 07:12:51.943887776,0.25574160295859083,0.0625
P0171,Face Cream,Beauty,226,17469.61,38,4505.24,2024-03-02 15:55:11.422845691,0.2578901303463557,0.168141592920354
P0172,Face Cream,Beauty,828,59698.14,245,16911.18,2024-03-03 00:37:30.901803607,0.28327817248577597,0.29589371980676327
P0173,Laptop,Electronics,902,83663.43,254,11118.19,2024-03-03 09:19:50.380761523,0.13289187402428995,0.28159645232815966
P0174,Laptop,Electronics,331,13299.99,7,3710.12,2024-03-03 18:02:09.859719439,0.27895660071924866,0.021148036253776436
P0175,Refrigerator,Electronics,112,4888.87,6,1599.92,2024-03-04 02:44:29.338677355,0.32725762804083564,0.05357142857142857
P0176,Smartphone,Electronics,266,35120.55,13,5089.7,2024-03-04 11:26:48.817635271,0.14492085118256973,0.04887218045112782
P0177,Smartphone,Electronics,903,129124.49,199,20580.61,2024-03-04 20:09:08.296593186,0.15938579892938975,0.2203765227021041
P0178,Perfume,Beauty,876,60032.46,217,20582.06,2024-03-05 04:51:27.775551102,0.3428488521043449,0.24771689497716895
P0179,Laptop,Electronics,844,46586.11,61,6766.36,2024-03-05 13:33:47.254509018,0.1452441510999738,0.07227488151658767
P0180,Juicer,Home & Kitchen,738,76545.32,116,24004.33,2024-03-05 22:16:06.733466934,0.3135963113094308,0.15718157181571815
P0181,T-Shirt,Clothing,510,37299.08,129,8320.29,2024-03-06 06:58:26.212424850,0.22306957705123023,0.2529411764705882
P0182,Washing Machine,Electronics,978,22787.62,218,3687.21,2024-03-06 15:40:45.691382766,0.1618075955277471,0.2229038854805726
P0183,Microwave,Electronics,659,26557.59,110,8437.01,2024-03-07 00:23:05.170340681,0.3176873353342679,0.1669195751138088
P0184,Face Cream,Beauty,154,17413.76,28,3679.99,2024-03-07 09:05:24.649298597,0.21132656014554008,0.18181818181818182
P0185,T-Shirt,Clothing,148,15637.7,23,3576.41,2024-03-07 17:47:44.128256513,0.2287043491050474,0.1554054054054054
P0186,Refrigerator,Electronics,560,13172.59,54,2500.27,2024-03-08 02:30:03.607214429,0.18980853423662317,0.09642857142857143
P0187,Tennis Racket,Sports,434,21203.67,75,5263.55,2024-03-08 11:12:23.086172345,0.248237687155101,0.1728110599078341
P0188,Laptop,Electronics,454,22718.03,95,3200.54,2024-03-08 19:54:42.565130261,0.14088105350684016,0.2092511013215859
P0189,T-Shirt,Clothing,872,93605.76,230,18512.45,2024-03-09 04:37:02.044088176,0.19777041498300962,0.26376146788990823
P0190,Microwave,Electronics,567,12792.86,110,4379.68,2024-03-09 13:19:21.523046092,0.34235346904445135,0.19400352733686066
P0191,Notebook,Books,525,17605.41,121,2896.68,2024-03-09 22:01:41.002004008,0.16453351555004966,0.23047619047619047
P0192,Notebook,Books,758,93983.73,43,24829.01,2024-03-10 06:44:00.480961924,0.26418413059366763,0.05672823218997362
P0193,Smartphone,Electronics,912,39408.26,131,7144.62,2024-03-10 15:26:19.959919840,0.1812975249351278,0.14364035087719298
P0194,Backpack,Accessories,694,72770.75,9,21348.63,2024-03-11 00:08:39.438877756,0.2933682832731558,0.012968299711815562
P0195,T-Shirt,Clothing,919,46835.7,75,6215.96,2024-03-11 08:50:58.917835671,0.13271841778814025,0.08161044613710555
P0196,Notebook,Books,820,27000.45,181,9246.45,2024-03-11 17:33:18.396793587,0.34245540352105247,0.22073170731707317
P0197,Headphones,Electronics,486,25083.62,145,5354.03,2024-03-12 02:15:37.875751503,0.2134472615994023,0.29835390946502055
P0198,Tennis Racket,Sports,72,8200.42,3,1303.97,2024-03-12 10:57:57.354709419,0.15901258716016986,0.041666666666666664
P0199,Washing Machine,Electronics,614,80581.69,78,9538.79,2024-03-12 19:40:16.833667335,0.11837416167370032,0.1270358306188925
P0200,Perfume,Beauty,726,92876.15,176,13229.23,2024-03-13 04:22:36.312625251,0.14243947450448796,0.24242424242424243
P0201,Headphones,Electronics,763,54656.63,53,12567.94,2024-03-13 13:04:55.791583166,0.22994355853992463,0.06946264744429882
P0202,Perfume,Beauty,507,54173.49,87,9981.51,2024-03-13 21:47:15.270541082,0.18425082083506159,0.17159763313609466
P0203,Tennis Racket,Sports,132,6157.53,29,1891.72,2024-03-14 06:29:34.749498998,0.30722059007426683,0.2196969696969697
P0204,Running Shoes,Clothing,194,11273.19,37,2341.69,2024-03-14 15:11:54.228456914,0.20772203786151036,0.19072164948453607
P0205,Tennis Racket,Sports,134,18294.17,9,2966.92,2024-03-14 23:54:13.707414830,0.16217844264046963,0.06716417910447761
P0206,Backpack,Accessories,127,2754.66,14,700.47,2024-03-15 08:36:33.186372746,0.2542854653568862,0.11023622047244094
P0207,Smartphone,Electronics,506,15744.75,120,4356.48,2024-03-15 17:18:52.665330661,0.2766941361406183,0.23715415019762845
P0208,Wrist Watch,Accessories,927,43592.37,158,6179.68,2024-03-16 02:01:12.144288577,0.14176058791939966,0.1704422869471413
P0209,Running Shoes,Clothing,50,1172.46,1,166.38,2024-03-16 10:43:31.623246493,0.14190676014533543,0.02
P0210,Shampoo,Beauty,100,4358.66,23,475.83,2024-03-16 19:25:51.102204409,0.10916887300225299,0.23
P0211,Wrist Watch,Accessories,734,70313.83,15,19976.19,2024-03-17 04:08:10.581162325,0.2841004394156882,0.020435967302452316
P0212,Smartphone,Electronics,766,57285.46,173,15235.13,2024-03-17 12:50:30.060120241,0.26595108078035856,0.2258485639686684
P0213,Microwave,Electronics,821,111694.85,56,24422.94,2024-03-17 21:32:49.539078156,0.21865770892749306,0.0682095006090134
P0214,Shampoo,Beauty,495,62502.49,142,19440.94,2024-03-18 06:15:09.018036072,0.31104264806090126,0.2868686868686869
P0215,Book,Books,498,32089.26,58,9672.27,2024-03-18 14:57:28.496993988,0.3014176705851117,0.11646586345381527
P0216,Headphones,Electronics,930,49964.29,97,12308.13,2024-03-18 23:39:47.975951904,0.2463385349816839,0.1043010752688172
P0217,Running Shoes,Clothing,537,37246.33,29,11809.61,2024-03-19 08:22:07.454909820,0.31706774868826004,0.054003724394785846
P0218,Notebook,Books,849,82130.85,84,12439.56,2024-03-19 17:04:26.933867736,0.15146026127819204,0.0989399293286219
P0219,Notebook,Books,83,4552.41,22,582.62,2024-03-20 01:46:46.412825651,0.12798056414075182,0.26506024096385544
P0220,Tennis Racket,Sports,397,40152.33,119,6723.0,2024-03-20 10:29:05.891783567,0.167437356686399,0.29974811083123426
P0221,Face Cream,Beauty,144,10544.19,17,1204.9,2024-03-20 19:11:25.370741483,0.11427146134506302,0.11805555555555555
P0222,Laptop,Electronics,121,11103.7,17,2584.86,2024-03-21 03:53:44.849699399,0.23279267271269938,0.14049586776859505
P0223,Smartphone,Electronics,600,46017.87,132,15376.94,2024-03-21 12:36:04.328657315,0.33415149375666453,0.22
P0224,Notebook,Books,203,11830.95,54,1299.46,2024-03-21 21:18:23.807615231,0.10983564295343991,0.2660098522167488
P0225,Juicer,Home & Kitchen,299,42846.38,54,5592.63,2024-03-22 06:00:43.286573146,0.13052747980109405,0.1806020066889632
P0226,Refrigerator,Electronics,723,86231.31,89,18371.56,2024-03-22 14:43:02.765531062,0.2130497611598386,0.12309820193637622
P0227,Refrigerator,Electronics,487,18610.57,63,6206.04,2024-03-22 23:25:22.244488978,0.33346856114562856,0.1293634496919918
P0228,Backpack,Accessories,167,22194.44,35,3973.67,2024-03-23 08:07:41.723446894,0.17903898453847,0.20958083832335328
P0229,Backpack,Accessories,820,68360.17,9,15504.68,2024-03-23 16:50:01.202404810,0.22680868113698371,0.01097560975609756
P0230,Headphones,Electronics,940,128114.28,178,14142.95,2024-03-24 01:32:20.681362726,0.11039323641361448,0.18936170212765957
P0231,Perfume,Beauty,355,44013.32,40,6033.6,2024-03-24 10:14:40.160320641,0.13708577312504489,0.11267605633802817
P0232,Notebook,Books,317,23863.05,76,8272.31,2024-03-24 18:56:59.639278557,0.34665769882726644,0.23974763406940064
P0233,Notebook,Books,103,2360.86,4,805.71,2024-03-25 03:39:19.118236473,0.34127817829096174,0.038834951456310676
P0234,Headphones,Electronics,285,15654.5,51,1584.78,2024-03-25 12:21:38.597194389,0.10123478871889871,0.17894736842105263
P0235,Tennis Racket,Sports,438,39600.65,65,13383.16,2024-03-25 21:03:58.076152305,0.3379530386496181,0.14840182648401826
P0236,Smartphone,Electronics,783,80141.75,154,20819.22,2024-03-26 05:46:17.555110221,0.25977995239684687,0.1966794380587484
P0237,Tennis Racket,Sports,812,43462.62,23,13776.76,2024-03-26 14:28:37.034068136,0.31697951020900256,0.02832512315270936
P0238,Microwave,Electronics,874,33313.64,156,7118.62,2024-03-26 23:10:56.513026052,0.21368484500642979,0.17848970251716248
P0239,Face Cream,Beauty,450,57843.42,78,13240.3,2024-03-27 07:53:15.991983968,0.22889898280565013,0.17333333333333334
P0240,Wrist Watch,Accessories,673,99585.35,116,22129.02,2024-03-27 16:35:35.470941884,0.222211600401063,0.1723625557206538
P0241,Washing Machine,Electronics,816,72085.21,151,19226.28,2024-03-28 01:17:54.949899800,0.2667160156708983,0.18504901960784315
P0242,T-Shirt,Clothing,352,14896.04,73,2009.67,2024-03-28 10:00:14.428857716,0.13491303729044765,0.20738636363636365
P0243,Wrist Watch,Accessories,968,53627.15,236,5764.56,2024-03-28 18:42:33.907815631,0.10749331262243099,0.24380165289256198
P0244,Tennis Racket,Sports,256,5732.04,23,1014.47,2024-03-29 03:24:53.386773547,0.17698236578949206,0.08984375
P0245,Headphones,Electronics,278,38602.76,69,10660.93,2024-03-29 12:07:12.865731463,0.2761701494919016,0.24820143884892087
P0246,Notebook,Books,902,31847.49,139,4791.88,2024-03-29 20:49:32.344689379,0.15046334891697902,0.1541019955654102
P0247,Headphones,Electronics,959,91054.31,31,24435.16,2024-03-30 05:31:51.823647295,0.268358082116047,0.03232533889468196
P0248,Shampoo,Beauty,627,34878.24,17,11945.03,2024-03-30 14:14:11.302605211,0.3424780034772397,0.02711323763955343
P0249,Dining Table,Home & Kitchen,124,11413.35,13,1409.27,2024-03-30 22:56:30.781563126,0.12347557903682967,0.10483870967741936
P0250,Shampoo,Beauty,484,50667.37,115,13586.48,2024-03-31 07:38:50.260521042,0.2681504881741444,0.23760330578512398
P0251,Laptop,Electronics,152,19435.7,33,4099.72,2024-03-31 16:21:09.739478958,0.21093760451128593,0.21710526315789475
P0252,Headphones,Electronics,471,22059.17,112,6993.54,2024-04-01 01:03:29.218436874,0.3170355004290733,0.23779193205944799
P0253,Notebook,Books,753,16136.38,120,2328.28,2024-04-01 09:45:48.697394790,0.1442876283280389,0.1593625498007968
P0254,Backpack,Accessories,813,30727.44,112,8393.4,2024-04-01 18:28:08.176352706,0.27315650115987533,0.13776137761377613
P0255,Washing Machine,Electronics,787,107820.91,42,33373.68,2024-04-02 03:10:27.655310621,0.3095288288700216,0.053367217280813214
P0256,Smartphone,Electronics,855,114232.88,90,38399.79,2024-04-02 11:52:47.134268537,0.3361535662936976,0.10526315789473684
P0257,Washing Machine,Electronics,355,34670.61,48,9389.22,2024-04-02 20:35:06.613226453,0.270812079741314,0.1352112676056338
P0258,Smartphone,Electronics,147,14415.88,5,3233.39,2024-04-03 05:17:26.092184369,0.22429362619555657,0.034013605442176874
P0259,Dining Table,Home & Kitchen,899,95702.84,67,24352.72,2024-04-03 13:59:45.571142285,0.254461832062664,0.07452725250278086
P0260,Notebook,Books,847,36250.13,155,11499.49,2024-04-03 22:42:05.050100200,0.3172261727061393,0.18299881936245574
P0261,Tennis Racket,Sports,384,53327.44,86,12940.03,2024-04-04 07:24:24.529058116,0.2426523755875024,0.22395833333333334
P0262,Wrist Watch,Accessories,908,67591.67,272,7272.65,2024-04-04 16:06:44.008016032,0.10759683848616257,0.29955947136563876
P0263,Running Shoes,Clothing,484,33787.08,136,11242.22,2024-04-05 00:49:03.486973948,0.33273724749223665,0.2809917355371901
P0264,Headphones,Electronics,496,43379.81,97,11815.87,2024-04-05 09:31:22.965931864,0.27238178313828487,0.19556451612903225
P0265,Face Cream,Beauty,357,9319.69,47,2508.19,2024-04-05 18:13:42.444889780,0.26912805039652604,0.13165266106442577
P0266,Smartphone,Electronics,298,12401.82,58,1908.87,2024-04-06 02:56:01.923847695,0.15391853776300574,0.19463087248322147
P0267,Notebook,Books,215,24928.04,51,6598.98,2024-04-06 11:38:21.402805611,0.2647211734255882,0.2372093023255814
P0268,Juicer,Home & Kitchen,530,16304.83,23,3235.96,2024-04-06 20:20:40.881763527,0.19846634402198612,0.04339622641509434
P0269,Perfume,Beauty,384,37789.35,49,9931.35,2024-04-07 05:03:00.360721443,0.2628081721437389,0.12760416666666666
P0270,Dining Table,Home & Kitchen,591,30670.17,150,3884.32,2024-04-07 13:45:19.839679359,0.12664814052220774,0.25380710659898476
P0271,T-Shirt,Clothing,808,57051.61,98,15087.94,2024-04-07 22:27:39.318637275,0.26446124833286916,0.12128712871287128
P0272,T-Shirt,Clothing,155,8917.18,27,3119.71,2024-04-08 07:09:58.797595190,0.3498538775711604,0.17419354838709677
P0273,Sofa,Home & Kitchen,612,40537.32,110,4542.33,2024-04-08 15:52:18.276553106,0.11205304149361625,0.17973856209150327
P0274,Perfume,Beauty,130,14751.88,8,5078.98,2024-04-09 00:34:37.755511022,0.3442937442549695,0.06153846153846154
P0275,Wrist Watch,Accessories,182,10669.9,21,2152.41,2024-04-09 09:16:57.234468938,0.20172728891554748,0.11538461538461539
P0276,Laptop,Electronics,846,79213.18,91,25165.11,2024-04-09 17:59:16.713426854,0.31768842003313086,0.10756501182033097
P0277,Smartphone,Electronics,949,77710.34,17,22970.89,2024-04-10 02:41:36.192384770,0.29559631318045965,0.01791359325605901
P0278,Pen,Books,187,19873.85,3,4804.58,2024-04-10 11:23:55.671342685,0.2417538624876408,0.016042780748663103
P0279,Smartphone,Electronics,233,33036.57,59,9402.61,2024-04-10 20:06:15.150300601,0.2846121737214245,0.2532188841201717
P0280,Refrigerator,Electronics,450,51855.47,40,16574.51,2024-04-11 04:48:34.629258517,0.31962896103342614,0.08888888888888889
P0281,Notebook,Books,379,18170.11,61,3652.83,2024-04-11 13:30:54.108216433,0.2010351065568673,0.16094986807387862
P0282,Perfume,Beauty,834,20060.88,81,3646.23,2024-04-11 22:13:13.587174349,0.18175822795410768,0.09712230215827339
P0283,Washing Machine,Electronics,557,30130.54,158,8041.79,2024-04-12 06:55:33.066132265,0.26689830318341456,0.2836624775583483
P0284,Headphones,Electronics,901,87721.48,77,26488.51,2024-04-12 15:37:52.545090180,0.3019615036134821,0.08546059933407325
P0285,Face Cream,Beauty,118,3148.87,16,914.97,2024-04-13 00:20:12.024048096,0.29057090321289863,0.13559322033898305
P0286,Face Cream,Beauty,595,50293.93,157,15060.69,2024-04-13 09:02:31.503006012,0.2994534330484812,0.2638655462184874
P0287,Juicer,Home & Kitchen,823,80316.22,209,16777.72,2024-04-13 17:44:50.981963928,0.2088957871772352,0.25394896719319565
P0288,Dining Table,Home & Kitchen,102,6472.07,7,1970.48,2024-04-14 02:27:10.460921844,0.30445900616031657,0.06862745098039216
P0289,T-Shirt,Clothing,499,59989.07,121,7801.71,2024-04-14 11:09:29.939879760,0.1300521911741589,0.24248496993987975
P0290,Headphones,Electronics,254,8599.87,36,2030.62,2024-04-14 19:51:49.418837676,0.2361221739398386,0.14173228346456693
P0291,Backpack,Accessories,175,5209.38,26,528.44,2024-04-15 04:34:08.897795592,0.10144009459858948,0.14857142857142858
P0292,Refrigerator,Electronics,796,91272.97,39,16533.78,2024-04-15 13:16:28.376753508,0.181146510297627,0.048994974874371856
P0293,Face Cream,Beauty,92,7766.08,3,1488.1,2024-04-15 21:58:47.855711422,0.19161533231694752,0.03260869565217391
P0294,Dining Table,Home & Kitchen,801,87703.34,177,17456.75,2024-04-16 06:41:07.334669338,0.1990431607279723,0.2209737827715356
P0295,Headphones,Electronics,932,71323.68,144,19533.19,2024-04-16 15:23:26.813627254,0.273866827959522,0.15450643776824036
P0296,Smartphone,Electronics,160,8325.16,22,1641.22,2024-04-17 00:05:46.292585170,0.1971397546713817,0.1375
P0297,Tennis Racket,Sports,810,102451.47,179,21737.48,2024-04-17 08:48:05.771543086,0.21217343196735,0.22098765432098766
P0298,Smartphone,Electronics,712,88233.93,165,14063.26,2024-04-17 17:30:25.250501002,0.1593860774420906,0.23174157303370788
P0299,Headphones,Electronics,232,25592.05,13,4947.27,2024-04-18 02:12:44.729458918,0.19331276705070521,0.05603448275862069
P0300,Shampoo,Beauty,897,49674.84,168,7789.88,2024-04-18 10:55:04.208416834,0.1568174150133146,0.18729096989966554
P0301,Book,Books,144,13929.12,7,1647.8,2024-04-18 19:37:23.687374750,0.1182989305857082,0.04861111111111111
P0302,Headphones,Electronics,423,28309.95,96,7101.89,2024-04-19 04:19:43.166332666,0.2508619760896787,0.22695035460992907
P0303,Wrist Watch,Accessories,961,30661.35,193,8188.21,2024-04-19 13:02:02.645290582,0.2670531467140227,0.2008324661810614
P0304,Dining Table,Home & Kitchen,569,79233.69,164,20194.5,2024-04-19 21:44:22.124248498,0.25487264319003694,0.28822495606326887
P0305,Shampoo,Beauty,949,35859.31,28,7741.08,2024-04-20 06:26:41.603206412,0.2158736462023391,0.029504741833508957
P0306,Pen,Books,409,58704.12,11,11444.16,2024-04-20 15:09:01.082164328,0.19494645350275244,0.02689486552567237
P0307,Laptop,Electronics,949,74003.73,87,23372.85,2024-04-20 23:51:20.561122244,0.3158334046135242,0.0916754478398314
P0308,Book,Books,745,32830.12,64,7543.39,2024-04-21 08:33:40.040080160,0.2297704059564814,0.08590604026845637
P0309,Laptop,Electronics,330,29847.55,27,6560.36,2024-04-21 17:15:59.519038076,0.2197955946132932,0.08181818181818182
P0310,Face Cream,Beauty,244,32569.84,67,3465.77,2024-04-22 01:58:18.997995992,0.10641040913925276,0.27459016393442626
P0311,Wrist Watch,Accessories,913,105167.77,75,19488.85,2024-04-22 10:40:38.476953908,0.18531200195649292,0.08214676889375684
P0312,Smartphone,Electronics,244,30464.12,22,5941.99,2024-04-22 19:22:57.955911824,0.19504879838971223,0.09016393442622951
P0313,Backpack,Accessories,716,75639.56,165,15105.65,2024-04-23 04:05:17.434869740,0.19970568311079545,0.23044692737430167
P0314,Microwave,Electronics,142,15619.43,20,3827.43,2024-04-23 12:47:36.913827656,0.24504287288332544,0.14084507042253522
P0315,Notebook,Books,721,94015.11,170,21943.19,2024-04-23 21:29:56.392785572,0.23340067357257785,0.23578363384188628
P0316,Running Shoes,Clothing,995,52194.56,29,13151.79,2024-04-24 06:12:15.871743488,0.2519762595948697,0.02914572864321608
P0317,Book,Books,110,9198.78,17,2678.88,2024-04-24 14:54:35.350701402,0.29122122716273247,0.15454545454545454
P0318,Headphones,Electronics,683,33301.19,13,10098.47,2024-04-24 23:36:54.829659318,0.30324652061983365,0.01903367496339678
P0319,Shampoo,Beauty,100,14839.68,3,4148.15,2024-04-25 08:19:14.308617234,0.2795309602363393,0.03
P0320,Sofa,Home & Kitchen,452,64512.93,123,21862.2,2024-04-25 17:01:33.787575150,0.3388809034095956,0.2721238938053097
P0321,Running Shoes,Clothing,838,21055.16,42,2201.49,2024-04-26 01:43:53.266533066,0.10455821755807126,0.050119331742243436
P0322,Washing Machine,Electronics,54,6033.14,9,898.6,2024-04-26 10:26:12.745490982,0.14894399931047514,0.16666666666666666
P0323,Sofa,Home & Kitchen,515,72245.37,67,7361.13,2024-04-26 19:08:32.224448898,0.10189068171427457,0.13009708737864079
P0324,Tennis Racket,Sports,653,28389.04,72,7434.2,2024-04-27 03:50:51.703406814,0.2618686648086726,0.11026033690658499
P0325,Smartphone,Electronics,731,68591.84,198,22258.58,2024-04-27 12:33:11.182364730,0.32450769654232925,0.2708618331053352
P0326,Wrist Watch,Accessories,878,122053.83,14,19634.87,2024-04-27 21:15:30.661322646,0.16087057653168277,0.015945330296127564
P0327,Dining Table,Home & Kitchen,583,14232.77,118,4721.84,2024-04-28 05:57:50.140280562,0.3317583295451272,0.20240137221269297
P0328,Notebook,Books,454,50241.74,131,5781.16,2024-04-28 14:40:09.619238478,0.11506687467432458,0.28854625550660795
P0329,Dining Table,Home & Kitchen,887,52027.31,153,17356.78,2024-04-28 23:22:29.098196392,0.3336090218771641,0.17249154453213078
P0330,Juicer,Home & Kitchen,562,78776.39,158,14802.53,2024-04-29 08:04:48.577154308,0.18790566564423683,0.28113879003558717
P0331,Perfume,Beauty,694,101488.87,17,12722.16,2024-04-29 16:47:08.056112224,0.12535522368117805,0.024495677233429394
P0332,Pen,Books,282,40256.81,37,8915.59,2024-04-30 01:29:27.535070140,0.22146787090184247,0.13120567375886524
P0333,Laptop,Electronics,573,46784.22,49,7681.69,2024-04-30 10:11:47.014028056,0.16419403807523134,0.08551483420593368
P0334,Laptop,Electronics,395,52165.89,88,8931.75,2024-04-30 18:54:06.492985972,0.1712182040793323,0.22278481012658227
P0335,Perfume,Beauty,95,12330.19,28,2180.25,2024-05-01 03:36:25.971943888,0.1768220927658049,0.29473684210526313
P0336,Face Cream,Beauty,595,36582.42,50,11002.4,2024-05-01 12:18:45.450901804,0.3007564835787244,0.08403361344537816
P0337,Tennis Racket,Sports,994,126992.46,199,29816.6,2024-05-01 21:01:04.929859720,0.23479031747239165,0.20020120724346077
P0338,Book,Books,127,3151.0,9,560.33,2024-05-02 05:43:24.408817636,0.17782608695652175,0.07086614173228346
P0339,T-Shirt,Clothing,779,75964.25,136,19187.31,2024-05-02 14:25:43.887775552,0.252583419174151,0.17458279845956354
P0340,Pen,Books,862,43014.79,125,12002.75,2024-05-02 23:08:03.366733468,0.2790377449244783,0.14501160092807425
P0341,Microwave,Electronics,972,34674.83,284,5830.78,2024-05-03 07:50:22.845691382,0.16815597942369145,0.29218106995884774
P0342,Refrigerator,Electronics,122,3660.48,23,744.5,2024-05-03 16:32:42.324649298,0.20338862662820176,0.1885245901639344
P0343,Smartphone,Electronics,843,93166.29,94,12155.55,2024-05-04 01:15:01.803607214,0.13047154716582576,0.11150652431791222
P0344,Wrist Watch,Accessories,298,19126.76,13,2778.88,2024-05-04 09:57:21.282565130,0.1452875447801928,0.0436241610738255
P0345,Juicer,Home & Kitchen,96,10965.09,5,2963.64,2024-05-04 18:39:40.761523046,0.27027958730844887,0.052083333333333336
P0346,Juicer,Home & Kitchen,170,4844.38,13,704.18,2024-05-05 03:22:00.240480962,0.14536019057134245,0.07647058823529412
P0347,Refrigerator,Electronics,263,16039.78,22,3709.85,2024-05-05 12:04:19.719438878,0.23129057879846232,0.08365019011406843
P0348,Running Shoes,Clothing,288,25958.55,74,7197.31,2024-05-05 20:46:39.198396794,0.27726163441332435,0.2569444444444444
P0349,Washing Machine,Electronics,105,12893.37,18,1633.84,2024-05-06 05:28:58.677354710,0.126719391439166,0.17142857142857143
P0350,T-Shirt,Clothing,399,24513.69,65,5928.1,2024-05-06 14:11:18.156312626,0.24182813766511696,0.16290726817042606
P0351,Sofa,Home & Kitchen,156,15813.08,7,2595.57,2024-05-06 22:53:37.635270542,0.16414069871271125,0.04487179487179487
P0352,Tennis Racket,Sports,880,118955.85,228,40532.03,2024-05-07 07:35:57.114228458,0.3407317084447717,0.2590909090909091
P0353,Pen,Books,97,9706.03,21,2143.93,2024-05-07 16:18:16.593186372,0.2208863974251058,0.21649484536082475
P0354,Headphones,Electronics,622,31277.1,18,9429.99,2024-05-08 01:00:36.072144288,0.3014982207429717,0.028938906752411574
P0355,Wrist Watch,Accessories,386,8944.43,83,2124.81,2024-05-08 09:42:55.551102204,0.23755678114759687,0.21502590673575128
P0356,Tennis Racket,Sports,75,9983.46,13,1106.7,2024-05-08 18:25:15.030060120,0.11085335144328722,0.17333333333333334
P0357,Notebook,Books,853,19418.56,29,5015.58,2024-05-09 03:07:34.509018036,0.25828794720102827,0.03399765533411489
P0358,Sofa,Home & Kitchen,306,40915.63,44,13823.38,2024-05-09 11:49:53.987975952,0.33785084086448136,0.1437908496732026
P0359,Shampoo,Beauty,57,5059.42,9,1266.89,2024-05-09 20:32:13.466933868,0.25040222001731427,0.15789473684210525
P0360,Book,Books,674,95761.11,39,29187.72,2024-05-10 05:14:32.945891784,0.3047972188292304,0.057863501483679525
P0361,Perfume,Beauty,916,113439.11,260,36419.81,2024-05-10 13:56:52.424849700,0.32105161967508383,0.2838427947598253
P0362,Face Cream,Beauty,302,45218.89,77,7100.27,2024-05-10 22:39:11.903807616,0.15701999761604057,0.25496688741721857
P0363,Perfume,Beauty,741,48604.07,151,7436.97,2024-05-11 07:21:31.382765532,0.15301126016812996,0.203778677462888
P0364,Refrigerator,Electronics,768,91956.08,111,23241.46,2024-05-11 16:03:50.861723448,0.2527452235893483,0.14453125
P0365,Backpack,Accessories,352,25432.36,46,5156.59,2024-05-12 00:46:10.340681362,0.2027570386704183,0.13068181818181818
P0366,Juicer,Home & Kitchen,688,56680.08,137,17568.86,2024-05-12 09:28:29.819639278,0.3099653352641704,0.19912790697674418
P0367,Smartphone,Electronics,105,10665.45,18,3466.33,2024-05-12 18:10:49.298597194,0.3250055084408065,0.17142857142857143
P0368,Smartphone,Electronics,775,103522.97,22,19499.1,2024-05-13 02:53:08.777555110,0.18835529931183387,0.02838709677419355
P0369,Pen,Books,575,85060.24,91,13543.09,2024-05-13 11:35:28.256513026,0.15921763211578052,0.1582608695652174
P0370,Laptop,Electronics,523,62694.91,128,18503.24,2024-05-13 20:17:47.735470942,0.2951314548501625,0.2447418738049713
P0371,Notebook,Books,77,5721.85,11,965.28,2024-05-14 05:00:07.214428858,0.16870068247157824,0.14285714285714285
P0372,Wrist Watch,Accessories,127,9496.6,3,2902.67,2024-05-14 13:42:26.693386774,0.30565360234189076,0.023622047244094488
P0373,Sofa,Home & Kitchen,265,30709.71,63,6324.19,2024-05-14 22:24:46.172344690,0.20593453992238936,0.23773584905660378
P0374,Smartphone,Electronics,435,22202.85,30,5925.66,2024-05-15 07:07:05.651302606,0.26688735905525646,0.06896551724137931
P0375,Notebook,Books,414,14225.72,35,1762.34,2024-05-15 15:49:25.130260522,0.12388406351312974,0.08454106280193237
P0376,Running Shoes,Clothing,715,47262.13,41,12097.44,2024-05-16 00:31:44.609218438,0.25596476502434407,0.057342657342657345
P0377,Refrigerator,Electronics,575,32971.11,61,7020.93,2024-05-16 09:14:04.088176352,0.2129418754782596,0.10608695652173913
P0378,Headphones,Electronics,748,43773.0,172,10796.7,2024-05-16 17:56:23.567134268,0.24665204578164623,0.22994652406417113
P0379,Juicer,Home & Kitchen,361,18183.21,58,2582.08,2024-05-17 02:38:43.046092184,0.14200352962980684,0.16066481994459833
P0380,Notebook,Books,932,23740.01,65,6747.35,2024-05-17 11:21:02.525050100,0.2842184986442719,0.06974248927038626
P0381,Perfume,Beauty,56,1250.12,15,394.66,2024-05-17 20:03:22.004008016,0.31569769302147,0.26785714285714285
P0382,Refrigerator,Electronics,52,7717.0,14,1189.85,2024-05-18 04:45:41.482965932,0.1541855643384735,0.2692307692307692
P0383,Dining Table,Home & Kitchen,672,50810.26,176,6296.85,2024-05-18 13:28:00.961923848,0.12392871046123362,0.2619047619047619
P0384,Refrigerator,Electronics,968,67723.67,77,7172.59,2024-05-18 22:10:20.440881764,0.10590964724740996,0.07954545454545454
P0385,Pen,Books,799,86574.96,113,22552.16,2024-05-19 06:52:39.919839680,0.26049287230395485,0.1414267834793492
P0386,Face Cream,Beauty,412,19929.68,122,5017.77,2024-05-19 15:34:59.398797596,0.25177373645738416,0.2961165048543689
P0387,Dining Table,Home & Kitchen,800,114795.96,187,27169.26,2024-05-20 00:17:18.877755512,0.23667435683276655,0.23375
P0388,Tennis Racket,Sports,557,68079.24,10,10755.62,2024-05-20 08:59:38.356713426,0.15798678128604257,0.017953321364452424
P0389,Refrigerator,Electronics,323,10214.37,9,2019.65,2024-05-20 17:41:57.835671342,0.19772634043998796,0.02786377708978328
P0390,Juicer,Home & Kitchen,555,41228.45,80,10250.18,2024-05-21 02:24:17.314629258,0.24861909676449154,0.14414414414414414
P0391,Notebook,Books,855,114814.0,234,25740.35,2024-05-21 11:06:36.793587174,0.22419173619941818,0.2736842105263158
P0392,Notebook,Books,788,112538.35,131,39044.77,2024-05-21 19:48:56.272545090,0.3469463520657624,0.16624365482233502
P0393,Running Shoes,Clothing,932,75270.37,144,10094.5,2024-05-22 04:31:15.751503006,0.13410987617039746,0.15450643776824036
P0394,Washing Machine,Electronics,64,6383.58,3,1747.74,2024-05-22 13:13:35.230460922,0.2737868092825656,0.046875
P0395,Smartphone,Electronics,241,10053.17,48,2021.49,2024-05-22 21:55:54.709418838,0.20107985839292483,0.1991701244813278
P0396,Refrigerator,Electronics,680,101219.31,169,20957.45,2024-05-23 06:38:14.188376754,0.20704991962502017,0.2485294117647059
P0397,Book,Books,534,26762.65,64,7477.47,2024-05-23 15:20:33.667334670,0.2793994615630365,0.1198501872659176
P0398,Refrigerator,Electronics,77,10976.75,18,2997.85,2024-05-24 00:02:53.146292586,0.2731090714464664,0.23376623376623376
P0399,Washing Machine,Electronics,763,79698.45,221,27720.24,2024-05-24 08:45:12.625250502,0.34781404155287843,0.28964613368283093
P0400,Laptop,Electronics,88,8712.51,6,1150.91,2024-05-24 17:27:32.104208416,0.13209855713221563,0.06818181818181818
P0401,Tennis Racket,Sports,322,27901.14,52,3516.31,2024-05-25 02:09:51.583166332,0.12602746697805178,0.16149068322981366
P0402,Book,Books,280,13996.38,26,3934.17,2024-05-25 10:52:11.062124248,0.2810848233614692,0.09285714285714286
P0403,Perfume,Beauty,135,5798.07,32,1418.19,2024-05-25 19:34:30.541082164,0.24459690897143363,0.23703703703703705
P0404,Smartphone,Electronics,523,25450.86,93,4289.49,2024-05-26 04:16:50.020040080,0.16854008076740823,0.17782026768642448
P0405,Refrigerator,Electronics,175,7741.47,34,927.85,2024-05-26 12:59:09.498997996,0.11985449791835401,0.19428571428571428
P0406,Sofa,Home & Kitchen,861,104478.89,208,12685.26,2024-05-26 21:41:28.977955912,0.12141457475285199,0.2415795586527294
P0407,Washing Machine,Electronics,586,38392.54,73,12421.82,2024-05-27 06:23:48.456913828,0.323547751724684,0.12457337883959044
P0408,Notebook,Books,194,5338.79,53,789.96,2024-05-27 15:06:07.935871744,0.14796611217148456,0.27319587628865977
P0409,Notebook,Books,574,83794.44,94,15153.63,2024-05-27 23:48:27.414829660,0.18084290556748156,0.16376306620209058
P0410,Laptop,Electronics,261,35206.86,15,5515.65,2024-05-28 08:30:46.893787576,0.15666407058169912,0.05747126436781609
P0411,Face Cream,Beauty,74,10404.98,16,1963.93,2024-05-28 17:13:06.372745492,0.18874904132444273,0.21621621621621623
P0412,Tennis Racket,Sports,629,93933.61,151,11023.67,2024-05-29 01:55:25.851703406,0.11735597088198782,0.24006359300476948
P0413,Juicer,Home & Kitchen,443,18874.63,45,4336.73,2024-05-29 10:37:45.330661322,0.22976503380463614,0.10158013544018059
P0414,Shampoo,Beauty,116,8295.33,30,969.75,2024-05-29 19:20:04.809619238,0.11690312501130154,0.25862068965517243
P0415,Headphones,Electronics,282,33437.02,77,10034.09,2024-05-30 04:02:24.288577154,0.30008924240258256,0.2730496453900709
P0416,Smartphone,Electronics,158,17456.26,14,2765.56,2024-05-30 12:44:43.767535070,0.15842797941827175,0.08860759493670886
P0417,Smartphone,Electronics,195,7801.26,58,1833.32,2024-05-30 21:27:03.246492986,0.23500306360767362,0.29743589743589743
P0418,Perfume,Beauty,160,20169.33,8,6454.58,2024-05-31 06:09:22.725450902,0.3200195544423141,0.05
P0419,Microwave,Electronics,277,13622.1,19,3578.79,2024-05-31 14:51:42.204408818,0.26271940449710396,0.06859205776173286
P0420,Refrigerator,Electronics,160,7855.41,10,1832.19,2024-05-31 23:34:01.683366734,0.23323925804000048,0.0625
P0421,Juicer,Home & Kitchen,519,46609.66,140,8440.24,2024-06-01 08:16:21.162324650,0.1810834921344631,0.2697495183044316
P0422,Headphones,Electronics,83,8057.82,17,1476.6,2024-06-01 16:58:40.641282566,0.1832505566021579,0.20481927710843373
P0423,Smartphone,Electronics,672,64116.33,36,17142.89,2024-06-02 01:41:00.120240482,0.267371666469369,0.05357142857142857
P0424,Smartphone,Electronics,825,26311.96,114,9170.63,2024-06-02 10:23:19.599198396,0.3485346587635432,0.13818181818181818
P0425,Wrist Watch,Accessories,985,132058.86,186,35056.32,2024-06-02 19:05:39.078156312,0.26545981087524156,0.18883248730964466
P0426,Book,Books,418,22792.71,14,5457.62,2024-06-03 03:47:58.557114228,0.23944585790807676,0.03349282296650718
P0427,Microwave,Electronics,797,29359.04,212,8298.7,2024-06-03 12:30:18.036072144,0.2826625121257371,0.2659974905897114
P0428,Juicer,Home & Kitchen,644,87285.99,157,18880.08,2024-06-03 21:12:37.515030060,0.2163013789498177,0.24378881987577639
P0429,Sofa,Home & Kitchen,603,86973.52,94,10005.05,2024-06-04 05:54:56.993987976,0.11503558784328838,0.1558872305140962
P0430,Juicer,Home & Kitchen,474,62604.3,138,15060.98,2024-06-04 14:37:16.472945892,0.24057420975875457,0.2911392405063291
P0431,Dining Table,Home & Kitchen,662,82906.95,87,28139.14,2024-06-04 23:19:35.951903808,0.3394062862039913,0.13141993957703926
P0432,Laptop,Electronics,567,59637.89,167,8577.46,2024-06-05 08:01:55.430861724,0.14382567860801243,0.2945326278659612
P0433,Perfume,Beauty,741,67884.09,151,18498.5,2024-06-05 16:44:14.909819640,0.2725012591315579,0.203778677462888
P0434,Shampoo,Beauty,331,10363.04,64,1556.87,2024-06-06 01:26:34.388777556,0.15023294322901384,0.1933534743202417
P0435,Headphones,Electronics,369,26973.5,21,6310.64,2024-06-06 10:08:53.867735472,0.2339570319016813,0.056910569105691054
P0436,Face Cream,Beauty,787,53869.76,209,6688.96,2024-06-06 18:51:13.346693386,0.12416910712058118,0.2655654383735705
P0437,Wrist Watch,Accessories,492,26453.85,66,5623.9,2024-06-07 03:33:32.825651302,0.212592874005107,0.13414634146341464
P0438,Book,Books,364,41512.24,21,11998.73,2024-06-07 12:15:52.304609218,0.2890407744800088,0.057692307692307696
P0439,Laptop,Electronics,926,78213.52,13,14617.55,2024-06-07 20:58:11.783567134,0.18689287990107079,0.014038876889848811
P0440,Perfume,Beauty,790,24123.45,136,6422.34,2024-06-08 05:40:31.262525050,0.26622808926583885,0.17215189873417722
P0441,Backpack,Accessories,426,20713.75,69,6190.56,2024-06-08 14:22:50.741482966,0.2988623498883592,0.1619718309859155
P0442,Running Shoes,Clothing,338,36782.39,74,12204.19,2024-06-08 23:05:10.220440882,0.33179437225259156,0.21893491124260356
P0443,Washing Machine,Electronics,486,14529.95,130,2305.33,2024-06-09 07:47:29.699398798,0.15866055974039828,0.2674897119341564
P0444,Shampoo,Beauty,711,92897.06,23,18563.52,2024-06-09 16:29:49.178356714,0.19982892892412313,0.03234880450070324
P0445,Sofa,Home & Kitchen,326,27504.31,72,3798.46,2024-06-10 01:12:08.657314630,0.13810417349135462,0.22085889570552147
P0446,Microwave,Electronics,759,62599.48,49,21792.19,2024-06-10 09:54:28.136272546,0.34812094285767226,0.06455862977602109
P0447,Washing Machine,Electronics,631,61215.21,163,20308.16,2024-06-10 18:36:47.615230462,0.3317502300490352,0.2583201267828843
P0448,Washing Machine,Electronics,552,70219.11,137,16500.74,2024-06-11 03:19:07.094188376,0.23498930704191495,0.24818840579710144
P0449,Book,Books,673,43889.83,112,13628.16,2024-06-11 12:01:26.573146292,0.3105083797317055,0.1664190193164933
P0450,Refrigerator,Electronics,565,61100.29,122,14067.7,2024-06-11 20:43:46.052104208,0.2302394964082822,0.215929203539823
P0451,Backpack,Accessories,399,37324.52,40,9551.21,2024-06-12 05:26:05.531062124,0.2558963919696757,0.10025062656641603
P0452,Headphones,Electronics,892,48804.6,131,5967.88,2024-06-12 14:08:25.010020040,0.12228109645402278,0.1468609865470852
P0453,Face Cream,Beauty,495,66439.84,123,19189.0,2024-06-12 22:50:44.488977956,0.28881767325147084,0.24848484848484848
P0454,Headphones,Electronics,879,108701.87,126,14340.86,2024-06-13 07:33:03.967935872,0.13192836516979883,0.14334470989761092
P0455,Notebook,Books,399,42133.9,45,12914.75,2024-06-13 16:15:23.446893788,0.30651684273233665,0.11278195488721804
P0456,Washing Machine,Electronics,656,85657.61,101,25312.43,2024-06-14 00:57:42.925851704,0.2955070775381195,0.15396341463414634
P0457,Shampoo,Beauty,713,94649.5,178,26235.53,2024-06-14 09:40:02.404809620,0.2771861446706005,0.2496493688639551
P0458,Face Cream,Beauty,872,97740.03,93,10657.58,2024-06-14 18:22:21.883767536,0.1090400729363394,0.10665137614678899
P0459,Running Shoes,Clothing,186,23958.98,11,4211.56,2024-06-15 03:04:41.362725452,0.17578210758554833,0.05913978494623656
P0460,Refrigerator,Electronics,808,89422.4,175,14824.28,2024-06-15 11:47:00.841683366,0.1657781495464224,0.21658415841584158
P0461,Juicer,Home & Kitchen,948,102780.55,237,19531.81,2024-06-15 20:29:20.320641282,0.1900341066476099,0.25
P0462,Face Cream,Beauty,292,29322.49,11,3574.72,2024-06-16 05:11:39.799599198,0.12191051987740467,0.03767123287671233
P0463,Sofa,Home & Kitchen,592,69769.07,47,23319.58,2024-06-16 13:53:59.278557114,0.3342395132972247,0.07939189189189189
P0464,Headphones,Electronics,89,3615.06,5,862.01,2024-06-16 22:36:18.757515030,0.23844970761204518,0.056179775280898875
P0465,Backpack,Accessories,278,37394.67,31,6595.71,2024-06-17 07:18:38.236472946,0.17638101900618458,0.11151079136690648
P0466,Face Cream,Beauty,597,79603.78,84,15860.69,2024-06-17 16:00:57.715430862,0.19924543784227333,0.1407035175879397
P0467,Face Cream,Beauty,969,23064.28,220,4885.03,2024-06-18 00:43:17.194388778,0.21180067186142382,0.22703818369453044
P0468,Tennis Racket,Sports,272,34640.88,54,8665.37,2024-06-18 09:25:36.673346694,0.250148668278635,0.19852941176470587
P0469,Notebook,Books,55,2021.42,10,462.74,2024-06-18 18:07:56.152304610,0.22891828516587348,0.18181818181818182
P0470,Sofa,Home & Kitchen,371,23582.78,42,7778.73,2024-06-19 02:50:15.631262526,0.32984788052977637,0.11320754716981132
P0471,Perfume,Beauty,517,60311.19,131,13524.23,2024-06-19 11:32:35.110220442,0.22424080838066698,0.25338491295938104
P0472,Face Cream,Beauty,781,31941.95,115,11117.06,2024-06-19 20:14:54.589178356,0.348039490388032,0.147247119078105
P0473,Washing Machine,Electronics,124,15665.63,36,4901.09,2024-06-20 04:57:14.068136272,0.3128562336784413,0.2903225806451613
P0474,Juicer,Home & Kitchen,53,6793.4,10,1033.46,2024-06-20 13:39:33.547094188,0.1521270645037831,0.18867924528301888
P0475,Backpack,Accessories,896,77029.84,42,25623.88,2024-06-20 22:21:53.026052104,0.3326487501466964,0.046875
P0476,Perfume,Beauty,695,14476.96,143,1868.85,2024-06-21 07:04:12.505010020,0.12909132856621833,0.20575539568345325
P0477,Juicer,Home & Kitchen,167,9571.6,17,2913.24,2024-06-21 15:46:31.983967936,0.3043629069330101,0.10179640718562874
P0478,Backpack,Accessories,930,93186.46,194,18185.88,2024-06-22 00:28:51.462925852,0.1951558198476474,0.2086021505376344
P0479,Running Shoes,Clothing,655,96648.0,20,30878.42,2024-06-22 09:11:10.941883768,0.31949362635543416,0.030534351145038167
P0480,Dining Table,Home & Kitchen,553,56481.07,34,17905.3,2024-06-22 17:53:30.420841684,0.3170141783787028,0.06148282097649186
P0481,Tennis Racket,Sports,996,53559.37,257,16147.15,2024-06-23 02:35:49.899799600,0.3014813281037473,0.2580321285140562
P0482,Perfume,Beauty,623,63808.12,47,18983.4,2024-06-23 11:18:09.378757516,0.29750758994309817,0.0754414125200642
P0483,Pen,Books,490,44197.07,124,7786.19,2024-06-23 20:00:28.857715432,0.17616982302220485,0.2530612244897959
P0484,Notebook,Books,243,29495.32,22,3546.22,2024-06-24 04:42:48.336673346,0.12022992122140054,0.09053497942386832
P0485,Refrigerator,Electronics,896,30381.1,176,6098.86,2024-06-24 13:25:07.815631262,0.20074520014087704,0.19642857142857142
P0486,Headphones,Electronics,764,90865.29,161,13028.37,2024-06-24 22:07:27.294589178,0.14338115247307306,0.2107329842931937
P0487,Juicer,Home & Kitchen,441,39850.81,70,10908.67,2024-06-25 06:49:46.773547094,0.2737377232733789,0.15873015873015872
P0488,Tennis Racket,Sports,75,10889.17,7,2031.1,2024-06-25 15:32:06.252505010,0.18652477645219975,0.09333333333333334
P0489,Washing Machine,Electronics,484,31190.6,35,10726.53,2024-06-26 00:14:25.731462926,0.3439026501574193,0.07231404958677685
P0490,Notebook,Books,222,22697.47,4,5906.86,2024-06-26 08:56:45.210420842,0.2602431019844943,0.018018018018018018
P0491,Running Shoes,Clothing,349,49266.12,34,15056.72,2024-06-26 17:39:04.689378758,0.30562017061623686,0.09742120343839542
P0492,Sofa,Home & Kitchen,694,23128.43,138,3079.11,2024-06-27 02:21:24.168336674,0.13313095614358605,0.1988472622478386
P0493,Book,Books,375,53189.89,106,16781.6,2024-06-27 11:03:43.647294590,0.31550356656123935,0.2826666666666667
P0494,Running Shoes,Clothing,459,50226.14,121,16609.25,2024-06-27 19:46:03.126252506,0.3306893581708648,0.2636165577342048
P0495,Dining Table,Home & Kitchen,167,4812.74,39,1067.3,2024-06-28 04:28:22.605210422,0.221765563899151,0.23353293413173654
P0496,Refrigerator,Electronics,885,52325.86,211,13163.26,2024-06-28 13:10:42.084168336,0.2515631850102416,0.2384180790960452
P0497,Headphones,Electronics,836,93684.14,170,27281.05,2024-06-28 21:53:01.563126252,0.29120243832093673,0.20334928229665072
P0498,Microwave,Electronics,773,22228.06,66,3194.39,2024-06-29 06:35:21.042084168,0.14370979743621348,0.08538163001293661
P0499,Microwave,Electronics,274,26216.91,75,5915.62,2024-06-29 15:17:40.521042084,0.22564138946962095,0.2737226277372263
P0500,Shampoo,Beauty,581,37744.55,119,7536.29,2024-06-30 00:00:00.000000000,0.1996656470934214,0.20481927710843373
